# PRODS,prod_alias,prod_transcost,drying_coeff,CH4,CO2
p1,Manure,0.3,1,0.004394213,0.060420435
p2,Sludge,0.3,1,0.005623827,0.077327623
p3,Food waste,0.3,1,0.008267318,0.113675625
p4,C8,0.3,1,0,0
p5,C6,0.3,1,0,0
p6,Itm_Digestate-AM,0.3,0.412033483,0.003783418,0.052021995
p7,Itm_Digestate-S,0.3,0.39742065,0.004842115,0.066579083
p8,Itm_Digestate-FW,0.3,0.606524021,0.007118161,0.097874714
p9,Biogas,0,1,0,1.705426357
p10,Fn_Digestate,0.3,1,0,0
