# PRODS,prod_alias,prod_transcost,drying_coeff,CH4,CO2
p1,Manure,0.3,1,0.004394213,0.060420435
p2,Sludge,0.3,1,0.005623827,0.077327623
p3,Food waste,0.3,1,0.008267318,0.113675625
p4,C8,0.3,1,0,0
p5,C6,0.3,1,0,0
p6,Itm_Digestate-AM,0.3,0.411806878,0.003704322,0.050934427
p7,Itm_Digestate-S,0.3,0.397123116,0.004740886,0.065187186
p8,Itm_Digestate-FW,0.3,0.606237766,0.006969349,0.095828552
p9,Biogas,0,1,0,1.705426357
p10,Fn_Digestate,0.3,1,0,0
