# PRODS,prod_alias,prod_transcost,drying_coeff,CH4,CO2
p1,Manure,0.3,1,0.004394213,0.060420435
p2,Sludge,0.3,1,0.005623827,0.077327623
p3,Food waste,0.3,1,0.008267318,0.113675625
p4,C8,0.3,1,0,0
p5,C6,0.3,1,0,0
p6,Itm_Digestate-AM,0.3,0.410709416,0.003348391,0.046040372
p7,Itm_Digestate-S,0.3,0.395681228,0.004285356,0.058923648
p8,Itm_Digestate-FW,0.3,0.60484864,0.006299696,0.086620827
p9,Biogas,0,1,0,1.705426357
p10,Fn_Digestate,0.3,1,0,0
